ID,Category,Priority,Description,File,Example Implementation,Metrics
1,Authentication,P0,Implement actual login logic,app/(auth)/login/page.tsx,"await authService.login(email, password)",Success rate >99%
2,Authentication,P0,Add forgot password flow,app/(auth)/forgot-password/page.tsx,"await authService.forgotPassword(email)",Completion rate
3,API,P0,Implement like pet API,app/browse/page.tsx,"await matchingService.likePet(petId)",API latency <300ms
4,API,P0,Implement pass pet API,app/browse/page.tsx,"await matchingService.passPet(petId)",API latency <300ms
5,API,P0,Implement chat initiation,app/browse/page.tsx,"await chatService.initiateChat(petId)",API latency <300ms
6,Type Safety,P0,Remove ts-ignore,src/utils/codeSplitting.tsx,"Create proper component typing",Zero overrides
7,UI/UX,P1,Add animated transitions,app/(protected)/chat/[matchId]/page.tsx,"<motion.div initial={{opacity:0}} animate={{opacity:1}}/>",User satisfaction
8,Performance,P1,Optimize SSR,next.config.js,"experimental: { optimizeCss: true }",TTFB <500ms
9,Security,P1,Add CSP headers,next.config.js,"headers: [ { key: 'Content-Security-Policy', value: policy } ]",Security score
10,Error Handling,P0,Centralize errors,src/services/apiClient.ts,"export class ApiError extends Error",<5% unhandled
11,Real-time,P1,Optimize socket connections,src/hooks/useEnhancedSocket.ts,"connection pooling and error recovery",Connection stability
12,Admin,P0,Implement moderation queue,app/(admin)/moderation/page.tsx,"moderationService.getQueue()",Moderation efficiency
13,Performance,P1,Implement image optimization,next.config.js,"next/image with WebP/AVIF",Load time <500ms
14,Accessibility,P1,Add keyboard navigation,components/,"tabIndex and keyboard handlers",WCAG compliance
15,Testing,P1,Add E2E authentication,tests/e2e/auth.spec.ts,"await loginWithCredentials()",Test coverage
16,UI/UX,P2,Add dark mode toggle,components/ThemeProvider,"useTheme() hook",User preference adoption
17,Performance,P2,Implement code splitting,next/dynamic,"React.lazy() with dynamic imports",Bundle size reduction
18,Security,P2,Add CSRF protection,middleware.ts,"csrf tokens in forms",Security compliance
19,Analytics,P2,Implement event tracking,src/services/AnalyticsService.ts,"trackEvent('user_action')",Engagement metrics
20,Error Handling,P2,Add retry mechanisms,src/services/apiClient.ts,"exponential backoff",Error recovery rate
21,Real-time,P2,Add typing indicators,app/(protected)/chat/[matchId]/page.tsx,"socket.emit('typing')",User experience
22,Admin,P2,Add user analytics,app/(admin)/analytics/page.tsx,"analyticsService.getMetrics()",Admin insights
23,Performance,P2,Add service worker,next.config.js,"PWA offline capabilities",Offline functionality
24,Accessibility,P2,Implement ARIA labels,components/,"aria-label and role attributes",Screen reader support
25,Testing,P2,Add visual regression,tests/visual/,"playwright visual tests",UI consistency
26,UI/UX,P2,Add micro-interactions,components/,"framer-motion animations",User delight score
27,Security,P2,Remove SVG dangers,next.config.js,"images.dangerouslyAllowSVG: false",XSS prevention
28,Analytics,P2,Add funnel analysis,src/services/AnalyticsService.ts,"trackFunnel('conversion')",Conversion optimization
29,Error Handling,P2,Add user-friendly messages,src/services/errorHandler.ts,"localized error messages",User satisfaction
30,Real-time,P2,Implement presence indicators,app/(protected)/chat/[matchId]/page.tsx,"online/offline status",User awareness
31,Admin,P2,Add audit logging,app/(admin)/security/page.tsx,"auditService.logAction()",Compliance readiness
32,Performance,P2,Optimize bundle size,next.config.js,"webpack optimization",Bundle size reduction
33,Accessibility,P2,Add focus management,components/,"focus trap and auto-focus",Keyboard accessibility
34,Testing,P2,Add integration tests,tests/integration/,"API and component integration",Test coverage
35,UI/UX,P2,Implement responsive design,components/,"mobile-first CSS",Cross-device compatibility
36,Security,P2,Add rate limiting,middleware.ts,"request throttling",DDoS protection
37,Analytics,P2,Implement A/B testing,src/services/AnalyticsService.ts,"feature flags",Conversion testing
38,Error Handling,P2,Add error boundaries,components/ErrorBoundary.tsx,"graceful error handling",Crash prevention
39,Real-time,P2,Add message reactions,app/(protected)/chat/[matchId]/page.tsx,"emoji reactions",User engagement
40,Admin,P2,Implement role management,app/(admin)/users/page.tsx,"userService.updateRole()",Access control
41,Performance,P3,Add edge computing,middleware.ts,"Vercel edge functions",Latency reduction
42,UI/UX,P3,Add gesture recognition,components/,"touch gesture handlers",Mobile UX
43,Security,P3,Implement biometric 2FA,src/services/AuthService.ts,"WebAuthn API",Security enhancement
44,Analytics,P3,Add cohort analysis,src/services/AnalyticsService.ts,"user segmentation",Business intelligence
45,Error Handling,P3,Add crash reporting,src/services/errorHandler.ts,"Sentry integration",Issue resolution time
46,Real-time,P3,Implement push notifications,src/services/NotificationService.ts,"service worker notifications",User retention
47,Admin,P3,Add automated moderation,app/(admin)/moderation/page.tsx,"AI content filtering",Efficiency gains
48,Performance,P3,Implement CDN optimization,next.config.js,"global asset delivery",Load time worldwide
49,Accessibility,P3,Add voice control,components/,"speech recognition API",Inclusive design
50,Testing,P3,Add load testing,tests/load/,"stress testing",Scalability validation
51,UI/UX,P3,Implement AR features,components/,"WebXR API",Engagement innovation
52,Security,P3,Add end-to-end encryption,src/services/EncryptionService.ts,"crypto.subtle API",Privacy protection
53,Analytics,P3,Implement heatmaps,src/services/AnalyticsService.ts,"interaction tracking",UX optimization
54,Error Handling,P3,Add predictive error handling,src/services/AIPredictionService.ts,"ML error prediction",Proactive reliability
55,Real-time,P3,Add video calling,src/services/VideoCallService.ts,"WebRTC implementation",Communication features
56,Admin,P3,Implement compliance dashboard,app/(admin)/compliance/page.tsx,"GDPR reporting",Legal compliance
57,Performance,P3,Add lazy loading,components/,"intersection observer",Scroll performance
58,Accessibility,P3,Implement color blindness support,components/ThemeProvider,"accessible color schemes",Inclusive design
59,Testing,P3,Add chaos engineering,tests/chaos/,"failure injection",Resilience validation
60,UI/UX,P3,Add voice commands,components/VoiceAssistant.tsx,"speech synthesis",Hands-free operation
61,Security,P3,Implement session management,src/services/AuthService.ts,"secure session handling",Security compliance
62,Analytics,P3,Add predictive analytics,src/services/AnalyticsService.ts,"churn prediction",Proactive retention
63,Error Handling,P3,Add error recovery flows,components/ErrorRecovery.tsx,"graceful degradation",User experience
64,Real-time,P3,Implement collaborative features,src/services/CollaborationService.ts,"real-time editing",Team productivity
65,Admin,P3,Add real-time monitoring,app/(admin)/dashboard/page.tsx,"live metrics",Operational awareness
66,Performance,P3,Implement caching strategies,src/services/CacheService.ts,"intelligent caching",Load time improvement
67,Accessibility,P3,Add sign language support,components/VideoService.tsx,"gesture recognition",Accessibility expansion
68,Testing,P3,Add security testing,tests/security/,"penetration testing",Vulnerability prevention
69,UI/UX,P3,Implement haptic feedback,components/,"vibration API",Tactile feedback
70,Security,P3,Add homomorphic encryption,src/services/EncryptionService.ts,"encrypted computation",Privacy innovation
71,Analytics,P3,Implement quantum analytics,src/services/QuantumAnalytics.ts,"advanced insights",Business intelligence
72,Error Handling,P3,Add AI error correction,src/services/AIErrorService.ts,"automatic fixes",Reliability improvement
73,Real-time,P3,Add holographic interfaces,components/HoloInterface.tsx,"WebGL 3D",Immersive experience
74,Admin,P3,Implement AI governance,src/services/AIGovernance.ts,"ethical oversight",Responsible AI
75,Performance,P3,Add satellite connectivity,src/services/SatelliteService.ts,"space internet",Global reach
76,Accessibility,P4,Add universal translator,components/UniversalTranslator.tsx,"real-time translation",Global accessibility
77,UI/UX,P4,Implement brain-computer interface,components/BCIInterface.tsx,"neural input",Revolutionary UX
78,Security,P4,Add DNA authentication,src/services/DNAService.ts,"genetic security",Ultimate biometrics
79,Analytics,P4,Add consciousness tracking,src/services/ConsciousnessAnalytics.ts,"emotional AI",Deep insights
80,Error Handling,P4,Add reality checks,src/services/RealityService.ts,"hallucination detection",AI safety
81,Real-time,P4,Implement telepresence,src/services/TelepresenceService.ts,"presence simulation",Remote work revolution
82,Admin,P4,Add multiverse management,src/services/MultiverseAdmin.ts,"parallel universe control",Ultimate governance
83,Performance,P4,Implement wormhole routing,src/services/WormholeService.ts,"faster-than-light",Instant communication
84,Testing,P4,Add quantum testing,tests/quantum/,"quantum state validation",Future testing
85,UI/UX,P4,Add holographic gestures,components/HoloGestures.tsx,"3D gesture recognition",Gesture innovation
86,Security,P4,Implement quantum cryptography,src/services/QuantumCrypto.ts,"unbreakable encryption",Future security
87,Analytics,P4,Add predictive universes,src/services/PredictiveUniverse.ts,"multiverse forecasting",Ultimate intelligence
88,Error Handling,P4,Add time loop recovery,src/services/TimeLoopService.ts,"temporal error correction",Ultimate reliability
89,Real-time,P4,Implement dream networking,src/services/DreamNetwork.ts,"sleep-based communication",Dream integration
90,Admin,P4,Add consciousness governance,src/services/ConsciousnessGovernance.ts,"mind oversight",Ethical AI
91,Performance,P4,Implement time dilation,src/services/TimeDilationService.ts,"perceived performance",Psychological optimization
92,Accessibility,P4,Add empathy amplification,components/EmpathyAmplifier.tsx,"emotional intelligence",Human connection
93,Testing,P4,Add simulation universes,tests/simulation/,"universe testing",Comprehensive validation
94,UI/UX,P4,Implement thought interfaces,components/ThoughtInterface.tsx,"mind-to-computer",Telepathic UX
95,Security,P4,Add thought encryption,src/services/ThoughtCrypto.ts,"mental privacy",Ultimate security
96,Analytics,P4,Add dream analytics,src/services/DreamAnalytics.ts,"subconscious insights",Deep psychology
97,Error Handling,P4,Add dream error recovery,src/services/DreamErrorService.ts,"sleep-based fixes",Ultimate healing
98,Real-time,P4,Implement quantum entanglement,src/services/QuantumEntanglement.ts,"instant sync",Perfect communication
99,Admin,P4,Add dream governance,src/services/DreamGovernance.ts,"sleep ethics",Ultimate responsibility
100,Performance,P4,Implement singularity acceleration,src/services/SingularityAcceleration.ts,"exponential growth",Limitless potential
